{
  "cv_final_val_losses": [
    0.01642111875116825,
    0.01695733703672886,
    0.012217617593705654,
    0.014169239439070225,
    0.009525117464363575
  ],
  "cv": {
    "mse_all": 0.3640611171722412,
    "mse_daily_sum": 46.78158950805664,
    "mae_all": 0.46477147936820984,
    "mape_all": 0.8176025748252869,
    "smape_all": 0.5213133692741394
  },
  "baseline": {
    "mse_all": 0.3968818485736847,
    "mse_daily_sum": 53.51390838623047,
    "mae_all": 0.48540300130844116,
    "mape_all": 0.8820186257362366,
    "smape_all": 0.5221942067146301
  }
}